ResI,dfi,pctdfi,ChainID,Res,R
1,0.0602064763016,1.0,A,MET,M
2,0.0470191957163,0.99358974359,A,GLU,E
3,0.035969573717,0.987179487179,A,PRO,P
4,0.0270051459792,0.980769230769,A,ALA,A
5,0.0208659326352,0.974358974359,A,ALA,A
6,0.0175815740927,0.961538461538,A,GLY,G
7,0.0139108858893,0.942307692308,A,SER,S
8,0.00758302455682,0.846153846154,A,SER,S
9,0.00845958467454,0.891025641026,A,MET,M
10,0.00802751166553,0.871794871795,A,GLU,E
11,0.00831624708514,0.884615384615,A,PRO,P
12,0.00795034523999,0.858974358974,A,SER,S
13,0.0071598937804,0.794871794872,A,ALA,A
14,0.00627393614032,0.75,A,ASP,D
15,0.00556276253961,0.641025641026,A,TRP,W
16,0.00415629435183,0.371794871795,A,LEU,L
17,0.00423648123355,0.397435897436,A,ALA,A
18,0.0053087324156,0.621794871795,A,THR,T
19,0.00459353626518,0.487179487179,A,ALA,A
20,0.00352827981833,0.211538461538,A,ALA,A
21,0.00459449363877,0.49358974359,A,ALA,A
22,0.00551010383784,0.634615384615,A,ARG,R
23,0.00480609308656,0.544871794872,A,GLY,G
24,0.0045826352455,0.480769230769,A,ARG,R
25,0.00344038839181,0.198717948718,A,VAL,V
26,0.00395532830219,0.294871794872,A,GLU,E
27,0.004200284676,0.384615384615,A,GLU,E
28,0.00320648004037,0.153846153846,A,VAL,V
29,0.00289725129743,0.134615384615,A,ARG,R
30,0.00373091316571,0.25,A,ALA,A
31,0.00416963760527,0.378205128205,A,LEU,L
32,0.0038042821951,0.269230769231,A,LEU,L
33,0.00441379914919,0.448717948718,A,GLU,E
34,0.00518331760232,0.608974358974,A,ALA,A
35,0.00586557274955,0.692307692308,A,GLY,G
36,0.00516493571447,0.602564102564,A,ALA,A
37,0.00582315332283,0.685897435897,A,LEU,L
38,0.00494224432809,0.557692307692,A,PRO,P
39,0.00568475863742,0.673076923077,A,ASN,N
40,0.00611571120252,0.711538461538,A,ALA,A
41,0.00624873074898,0.74358974359,A,PRO,P
42,0.00629498376061,0.75641025641,A,ASN,N
43,0.00742648874093,0.826923076923,A,SER,S
44,0.00656232640486,0.782051282051,A,TYR,Y
45,0.00619524255105,0.724358974359,A,GLY,G
46,0.0047278988941,0.532051282051,A,ARG,R
47,0.00436471697306,0.429487179487,A,ARG,R
48,0.00366522234561,0.224358974359,A,PRO,P
49,0.00228156229489,0.0512820512821,A,ILE,I
50,0.00287655702622,0.128205128205,A,GLN,Q
51,0.00387806107103,0.282051282051,A,VAL,V
52,0.00313613857722,0.147435897436,A,MET,M
53,0.00428189196462,0.403846153846,A,MET,M
54,0.00331469541043,0.166666666667,A,MET,M
55,0.0043935054481,0.435897435897,A,GLY,G
56,0.00359373642125,0.217948717949,A,SER,S
57,0.00256017957757,0.0833333333333,A,ALA,A
58,0.00276785193185,0.102564102564,A,ARG,R
59,0.00192615645454,0.0192307692308,A,VAL,V
60,0.00116897981653,0.00641025641026,A,ALA,A
61,0.0021549324394,0.0320512820513,A,GLU,E
62,0.00218543736999,0.0384615384615,A,LEU,L
63,0.002545202391,0.0769230769231,A,LEU,L
64,0.00273067603274,0.0961538461538,A,LEU,L
65,0.0036717912194,0.230769230769,A,LEU,L
66,0.0041426789883,0.352564102564,A,HIS,H
67,0.00456291996547,0.474358974359,A,GLY,G
68,0.00369356671299,0.24358974359,A,ALA,A
69,0.00401243476408,0.301282051282,A,GLU,E
70,0.00291905259073,0.141025641026,A,PRO,P
71,0.00410954199015,0.346153846154,A,ASN,N
72,0.00508625089209,0.589743589744,A,CYS,C
73,0.00480296547527,0.538461538462,A,ALA,A
74,0.00588760815243,0.698717948718,A,ASP,D
75,0.00716486590338,0.807692307692,A,PRO,P
76,0.00738005463167,0.820512820513,A,ALA,A
77,0.00611788114235,0.717948717949,A,THR,T
78,0.00524602904653,0.615384615385,A,LEU,L
79,0.00429146730549,0.410256410256,A,THR,T
80,0.00331819636054,0.173076923077,A,ARG,R
81,0.0022079681767,0.0448717948718,A,PRO,P
82,0.00175906277017,0.0128205128205,A,VAL,V
83,0.00263669540263,0.0897435897436,A,HIS,H
84,0.00279693248936,0.121794871795,A,ASP,D
85,0.00244216509084,0.0641025641026,A,ALA,A
86,0.00343303880515,0.192307692308,A,ALA,A
87,0.00422256892058,0.391025641026,A,ARG,R
88,0.00468947294672,0.519230769231,A,GLU,E
89,0.00497277902093,0.564102564103,A,GLY,G
90,0.00403258972017,0.314102564103,A,PHE,F
91,0.00395166804194,0.288461538462,A,LEU,L
92,0.00367187250015,0.237179487179,A,ASP,D
93,0.0021091616626,0.025641025641,A,THR,T
94,0.00236885735012,0.0576923076923,A,LEU,L
95,0.0035153314372,0.205128205128,A,VAL,V
96,0.00278110614797,0.115384615385,A,VAL,V
97,0.00244401698742,0.0705128205128,A,LEU,L
98,0.00376593655045,0.25641025641,A,HIS,H
99,0.00434364875752,0.423076923077,A,ARG,R
100,0.00444450805632,0.455128205128,A,ALA,A
101,0.00505745986621,0.576923076923,A,GLY,G
102,0.00377479808924,0.262820512821,A,ALA,A
103,0.00414791666076,0.358974358974,A,ARG,R
104,0.00336050218414,0.179487179487,A,LEU,L
105,0.00403323523231,0.320512820513,A,ASP,D
106,0.00410667652589,0.333333333333,A,VAL,V
107,0.00410799151003,0.339743589744,A,ARG,R
108,0.00440714114111,0.442307692308,A,ASP,D
109,0.00561905268821,0.660256410256,A,ALA,A
110,0.00567871502723,0.666666666667,A,TRP,W
111,0.00469453895622,0.525641025641,A,GLY,G
112,0.00414990874129,0.365384615385,A,ARG,R
113,0.00323778313567,0.160256410256,A,LEU,L
114,0.00276826423826,0.108974358974,A,PRO,P
115,0.00336550421655,0.185897435897,A,VAL,V
116,0.00406294617012,0.326923076923,A,ASP,D
117,0.00433150069116,0.416666666667,A,LEU,L
118,0.004474449283,0.461538461538,A,ALA,A
119,0.00557920868882,0.647435897436,A,GLU,E
120,0.00620564073388,0.730769230769,A,GLU,E
121,0.00644433352677,0.775641025641,A,LEU,L
122,0.00688364183263,0.788461538462,A,GLY,G
123,0.00573710971272,0.679487179487,A,HIS,H
124,0.00632436556702,0.762820512821,A,ARG,R
125,0.00622952501189,0.737179487179,A,ASP,D
126,0.00462013772745,0.50641025641,A,VAL,V
127,0.00462605173945,0.512820512821,A,ALA,A
128,0.00558332944955,0.653846153846,A,ARG,R
129,0.00515850056337,0.596153846154,A,TYR,Y
130,0.0038576889327,0.275641025641,A,LEU,L
131,0.00452023592349,0.467948717949,A,ARG,R
132,0.00544835658099,0.628205128205,A,ALA,A
133,0.0046095924112,0.5,A,ALA,A
134,0.00403151010059,0.307692307692,A,ALA,A
135,0.00507195636521,0.583333333333,A,GLY,G
136,0.00489071641719,0.551282051282,A,GLY,G
137,0.0050031671065,0.570512820513,A,THR,T
138,0.00633427406486,0.769230769231,A,ARG,R
139,0.00732086438944,0.814102564103,A,GLY,G
140,0.00593362005419,0.705128205128,A,SER,S
141,0.00748718394087,0.839743589744,A,ASN,N
142,0.00771111612028,0.852564102564,A,HIS,H
143,0.00744062408871,0.833333333333,A,ALA,A
144,0.00716087794601,0.801282051282,A,ARG,R
145,0.00827085359579,0.878205128205,A,ILE,I
146,0.00795682125873,0.865384615385,A,ASP,D
147,0.00879352000118,0.897435897436,A,ALA,A
148,0.00880690705983,0.903846153846,A,ALA,A
149,0.0109796013626,0.910256410256,A,GLU,E
150,0.0120311014975,0.923076923077,A,GLY,G
151,0.0132143966628,0.929487179487,A,PRO,P
152,0.0114223188842,0.916666666667,A,SER,S
153,0.0133417822668,0.935897435897,A,ASP,D
154,0.014124955563,0.948717948718,A,ILE,I
155,0.0169434704786,0.955128205128,A,PRO,P
156,0.0184375991065,0.967948717949,A,ASP,D
